<?xml version="1.0" encoding="UTF-8"?>
<templates id="template" xml:space="preserve">
    <t t-extend="UserMenu">
        <t t-jquery="ul.dropdown-menu" t-operation="replace">
            <ul class="dropdown-menu" role="menu">
               <li><a href="#" data-menu="documentation">Documentation</a></li>
                <li><a href="#" data-menu="support">Open Hrms</a></li>
                <li class="divider"/>
                <li><a href="#" data-menu="settings">Preferences</a></li>
                <li><a href="#" data-menu="account">My Odoo.com account</a></li>
                <li><a href="#" data-menu="logout">Log out</a></li>
            </ul>
        </t>
    </t>
</templates>